NAME, MBID, URL, IMAGE_SMALL, IMAGE
5150,b9963386-5d50-414b-bd3a-93692c5ea269,https://www.last.fm/music/5150,https://lastfm.freetls.fastly.net/i/u/34s/2a96cbd8b46e442fc41c2b86b821562f.png,small
5051Kartell,,https://www.last.fm/music/5051Kartell,https://lastfm.freetls.fastly.net/i/u/34s/2a96cbd8b46e442fc41c2b86b821562f.png,small
5591,a368efca-fdc5-489b-83b6-0f72003ba59a,https://www.last.fm/music/5591,https://lastfm.freetls.fastly.net/i/u/34s/2a96cbd8b46e442fc41c2b86b821562f.png,small
Dj 5150,,https://www.last.fm/music/Dj+5150,https://lastfm.freetls.fastly.net/i/u/34s/2a96cbd8b46e442fc41c2b86b821562f.png,small
5051,937b1bcb-ef79-41c2-b460-e245b880bfaa,https://www.last.fm/music/5051,https://lastfm.freetls.fastly.net/i/u/34s/2a96cbd8b46e442fc41c2b86b821562f.png,small
515ers,,https://www.last.fm/music/515ers,https://lastfm.freetls.fastly.net/i/u/34s/2a96cbd8b46e442fc41c2b86b821562f.png,small
5150 Sosa,,https://www.last.fm/music/5150+Sosa,,small
Crimewave 5150,,https://www.last.fm/music/Crimewave+5150,https://lastfm.freetls.fastly.net/i/u/34s/2a96cbd8b46e442fc41c2b86b821562f.png,small
LACA-5513,,https://www.last.fm/music/LACA-5513,,small
Trap-A-Holisc, DJ Rell & DJ 5150,,https://www.last.fm/music/Trap-A-Holisc,+DJ+Rell+&+DJ+5150,https://lastfm.freetls.fastly.net/i/u/34s/2a96cbd8b46e442fc41c2b86b821562f.png,small
551 Godsmack,,https://www.last.fm/music/551+Godsmack,,small
FRISKY | 55129,,https://www.last.fm/music/FRISKY+%7C+55129,,small
ASoT 551,,https://www.last.fm/music/ASoT+551,,small
asot 550 / 551 / 552 Dennis Sheperd & Talla 2XLC,,https://www.last.fm/music/asot+550+%2F+551+%2F+552+Dennis+Sheperd+&+Talla+2XLC,,small
Oran 551,,https://www.last.fm/music/Oran+551,,small
DJ 551,,https://www.last.fm/music/DJ+551,,small
{{551}}LUXI414ñ§ê)@561hermes XX @sellasouls,,https://www.last.fm/music/%7B%7B551%7D%7DLUXI414%F0%96%A4%90)@561hermes+XX+@sellasouls,,small
551.PI_STROMAE,,https://www.last.fm/music/551.PI_STROMAE,,small
551,,https://www.last.fm/music/551,,small
Symphony No.41 In C Major, K.551 "Jupiter",,https://www.last.fm/music/Symphony+No.41+In+C+Major,+K.551+%22Jupiter%22,,small
Confucius (551-479 Bc),,https://www.last.fm/music/Confucius+(551-479+Bc),,small
Symphony No. 41 KV 551 in C Major,,https://www.last.fm/music/Symphony+No.+41+KV+551+in+C+Major,,small
Powerwolf ‚Ä¢ 551K views ‚Ä¢ 16K likes,,https://www.last.fm/music/Powerwolf+%E2%80%A2+551K+views+%E2%80%A2+16K+likes,,small
Joe Rogan Experience #551,,https://www.last.fm/music/Joe+Rogan+Experience+%23551,,small
Mozart Symphony 41 K 551,,https://www.last.fm/music/Mozart+Symphony+41+K+551,,small
listen.stationhead.com/station/551767?utm_source=twitter&utm_campaign=share_station&utm_medium=share&_branch_match_id=911903860920009684,,https://www.last.fm/music/listen.stationhead.com%2Fstation%2F551767%3Futm_source=twitter&utm_campaign=share_station&utm_medium=share&_branch_match_id=911903860920009684,,small
55104301,,https://www.last.fm/music/55104301,,small
55171,,https://www.last.fm/music/55171,,small
55142839,,https://www.last.fm/music/55142839,,small
Kapitel 551,,https://www.last.fm/music/Kapitel+551,,small